/****** Object:  Table [dbo].[__MigrationHistory]    Script Date: 07-08-16 14:50:41 ******/
SET ANSI_NULLS ON
GO
SET QUOTED_IDENTIFIER ON
GO
SET ANSI_PADDING ON
GO
CREATE TABLE [dbo].[__MigrationHistory](
	[MigrationId] [nvarchar](150) NOT NULL,
	[ContextKey] [nvarchar](300) NOT NULL,
	[Model] [varbinary](max) NOT NULL,
	[ProductVersion] [nvarchar](32) NOT NULL,
 CONSTRAINT [PK_dbo.__MigrationHistory] PRIMARY KEY CLUSTERED 
(
	[MigrationId] ASC,
	[ContextKey] ASC
)WITH (PAD_INDEX = OFF, STATISTICS_NORECOMPUTE = OFF, IGNORE_DUP_KEY = OFF, ALLOW_ROW_LOCKS = ON, ALLOW_PAGE_LOCKS = ON)
)

GO
SET ANSI_PADDING OFF
GO
/****** Object:  Table [dbo].[Activities]    Script Date: 07-08-16 14:50:44 ******/
SET ANSI_NULLS ON
GO
SET QUOTED_IDENTIFIER ON
GO
CREATE TABLE [dbo].[Activities](
	[ID] [uniqueidentifier] NOT NULL,
	[Title] [nvarchar](max) NULL,
	[Description] [nvarchar](max) NULL,
	[PictureUrl] [nvarchar](max) NULL,
	[Date] [datetime] NOT NULL,
	[Location_City] [nvarchar](max) NULL,
	[Location_Street] [nvarchar](max) NULL,
	[Location_ZipCode] [nvarchar](max) NULL,
	[Location_Latitude] [real] NOT NULL,
	[Location_Longitude] [real] NOT NULL,
	[UserId] [nvarchar](128) NOT NULL,
	[DriverId] [nvarchar](128) NULL,
	[ShortCode] [nvarchar](max) NOT NULL,
 CONSTRAINT [PK_dbo.Activities] PRIMARY KEY CLUSTERED 
(
	[ID] ASC
)WITH (PAD_INDEX = OFF, STATISTICS_NORECOMPUTE = OFF, IGNORE_DUP_KEY = OFF, ALLOW_ROW_LOCKS = ON, ALLOW_PAGE_LOCKS = ON)
)

GO
/****** Object:  Table [dbo].[ApplicationUsers]    Script Date: 07-08-16 14:50:44 ******/
SET ANSI_NULLS ON
GO
SET QUOTED_IDENTIFIER ON
GO
CREATE TABLE [dbo].[ApplicationUsers](
	[Id] [nvarchar](128) NOT NULL,
	[Firstname] [nvarchar](max) NULL,
	[Lastname] [nvarchar](max) NULL,
	[Email] [nvarchar](max) NULL,
	[EmailConfirmed] [bit] NOT NULL,
	[PasswordHash] [nvarchar](max) NULL,
	[SecurityStamp] [nvarchar](max) NULL,
	[PhoneNumber] [nvarchar](max) NULL,
	[PhoneNumberConfirmed] [bit] NOT NULL,
	[TwoFactorEnabled] [bit] NOT NULL,
	[LockoutEndDateUtc] [datetime] NULL,
	[LockoutEnabled] [bit] NOT NULL,
	[AccessFailedCount] [int] NOT NULL,
	[UserName] [nvarchar](max) NULL,
	[PictureUrl] [nvarchar](max) NULL,
 CONSTRAINT [PK_dbo.ApplicationUsers] PRIMARY KEY CLUSTERED 
(
	[Id] ASC
)WITH (PAD_INDEX = OFF, STATISTICS_NORECOMPUTE = OFF, IGNORE_DUP_KEY = OFF, ALLOW_ROW_LOCKS = ON, ALLOW_PAGE_LOCKS = ON)
)

GO
/****** Object:  Table [dbo].[IdentityRoles]    Script Date: 07-08-16 14:50:45 ******/
SET ANSI_NULLS ON
GO
SET QUOTED_IDENTIFIER ON
GO
CREATE TABLE [dbo].[IdentityRoles](
	[Id] [nvarchar](128) NOT NULL,
	[Name] [nvarchar](max) NULL,
 CONSTRAINT [PK_dbo.IdentityRoles] PRIMARY KEY CLUSTERED 
(
	[Id] ASC
)WITH (PAD_INDEX = OFF, STATISTICS_NORECOMPUTE = OFF, IGNORE_DUP_KEY = OFF, ALLOW_ROW_LOCKS = ON, ALLOW_PAGE_LOCKS = ON)
)

GO
/****** Object:  Table [dbo].[IdentityUserClaims]    Script Date: 07-08-16 14:50:45 ******/
SET ANSI_NULLS ON
GO
SET QUOTED_IDENTIFIER ON
GO
CREATE TABLE [dbo].[IdentityUserClaims](
	[Id] [int] IDENTITY(1,1) NOT NULL,
	[UserId] [nvarchar](max) NULL,
	[ClaimType] [nvarchar](max) NULL,
	[ClaimValue] [nvarchar](max) NULL,
	[ApplicationUser_Id] [nvarchar](128) NULL,
 CONSTRAINT [PK_dbo.IdentityUserClaims] PRIMARY KEY CLUSTERED 
(
	[Id] ASC
)WITH (PAD_INDEX = OFF, STATISTICS_NORECOMPUTE = OFF, IGNORE_DUP_KEY = OFF, ALLOW_ROW_LOCKS = ON, ALLOW_PAGE_LOCKS = ON)
)

GO
/****** Object:  Table [dbo].[IdentityUserLogins]    Script Date: 07-08-16 14:50:45 ******/
SET ANSI_NULLS ON
GO
SET QUOTED_IDENTIFIER ON
GO
CREATE TABLE [dbo].[IdentityUserLogins](
	[UserId] [nvarchar](128) NOT NULL,
	[LoginProvider] [nvarchar](max) NULL,
	[ProviderKey] [nvarchar](max) NULL,
	[ApplicationUser_Id] [nvarchar](128) NULL,
 CONSTRAINT [PK_dbo.IdentityUserLogins] PRIMARY KEY CLUSTERED 
(
	[UserId] ASC
)WITH (PAD_INDEX = OFF, STATISTICS_NORECOMPUTE = OFF, IGNORE_DUP_KEY = OFF, ALLOW_ROW_LOCKS = ON, ALLOW_PAGE_LOCKS = ON)
)

GO
/****** Object:  Table [dbo].[IdentityUserRoles]    Script Date: 07-08-16 14:50:45 ******/
SET ANSI_NULLS ON
GO
SET QUOTED_IDENTIFIER ON
GO
CREATE TABLE [dbo].[IdentityUserRoles](
	[RoleId] [nvarchar](128) NOT NULL,
	[UserId] [nvarchar](128) NOT NULL,
	[ApplicationUser_Id] [nvarchar](128) NULL,
	[IdentityRole_Id] [nvarchar](128) NULL,
 CONSTRAINT [PK_dbo.IdentityUserRoles] PRIMARY KEY CLUSTERED 
(
	[RoleId] ASC,
	[UserId] ASC
)WITH (PAD_INDEX = OFF, STATISTICS_NORECOMPUTE = OFF, IGNORE_DUP_KEY = OFF, ALLOW_ROW_LOCKS = ON, ALLOW_PAGE_LOCKS = ON)
)

GO
/****** Object:  Table [dbo].[UserActivities]    Script Date: 07-08-16 14:50:46 ******/
SET ANSI_NULLS ON
GO
SET QUOTED_IDENTIFIER ON
GO
CREATE TABLE [dbo].[UserActivities](
	[ID] [uniqueidentifier] NOT NULL,
	[UserID] [nvarchar](128) NOT NULL,
	[ActivityID] [uniqueidentifier] NOT NULL,
 CONSTRAINT [PK_dbo.UserActivities] PRIMARY KEY CLUSTERED 
(
	[ID] ASC
)WITH (PAD_INDEX = OFF, STATISTICS_NORECOMPUTE = OFF, IGNORE_DUP_KEY = OFF, ALLOW_ROW_LOCKS = ON, ALLOW_PAGE_LOCKS = ON)
)

GO
INSERT [dbo].[__MigrationHistory] ([MigrationId], [ContextKey], [Model], [ProductVersion]) VALUES (N'201608061138269_CleanModel', N'BeeBack.Web.Migrations.Configuration', 0x1F8B0800000000000400ED5DDB6EE4B8117D0F907F10FA2909BCDDBE641713C3DE85A76D6F8C8C3D8369CF26C88B414B745B185D7A25CA6B23C897E5219F945F08295112AF12A95B77678379718BE4A962B158ACE2A5E63FFFFAF7D90FAF61E0BCC024F5E3E87C76343F9C39307263CF8FD6E7B30C3D7DF36EF6C3F7BFFDCDD99517BE3A3F95F54E483DDC324ACF67CF086D4E178BD47D862148E7A1EF26711A3FA1B91B870BE0C58BE3C3C33F2D8E8E161043CC3096E39C7DCE22E48730FF817F2EE3C8851B9481E036F66090D2EFB86495A33A772084E906B8F07CF61EC2F7C0FD3AFF2B7C9C17B567CE45E003CCC90A064F330744518C00C27C9E7E49E10A2571B45E6DF00710DCBF6D20AEF704821452FE4FEBEAA65D393C265D59D40D4B28374B511C5A021E9D50D92CC4E69D243CAB6497CB35DC04F095743B17E1F9EC43EC526C91DAE9324848459584E765B30387293CA8F401AB0DF977E02CB30065093C8F608612101C389FB2C7C077FF02DFEEE3AF303A8FB2206039C43C7E4AE20D4CD01B6570E9A3B799533082C70EABE1CCB905AF1F60B446CFE733FCE7CCB9F65FA1577EA183F925F2B1D6E24628C9F0CF4523110C0C211A9DCCDFFDCD12571E9DCE073C36286308613201FE7587A50D1E0358A1B6C0E089628F73B660B48CFD7E85A7387A6374EFC245FE4B3EBC56BA57361B41F77019F78191C967F844D9BEB99404B7101B8AA2246D8A0EFD98F99EF548DCFB28185F6D2E61EA26FEA6300723D3FAE4BB6470BE24C1F8DD02A8921DF9FB1E2F341DE642692729B7786999D71F2DD1F03A94DC780D3D3F3A7E67D4F336BA77E0C55FE73C2A3898399F619017A6CFFE86F6E962B3C19324FF4AEA3CD0D9E643BCAC5E2771F83926D4F4B51EEE41B2CE6D69DC5A751567896BC934CB8F8A7D6A1C1EC4BA0CEFEA2A153715E39A7A650779A3575BB7669BC74BC3D6F4F1ADB76601BD0E16700A7517685EFB498A22104EB1E24E44E82A04FEF82633A7829DF0273F09613570EF633C2F80BDB5FB04D2F49738F1FE0CD2E7F15D39E866099E732B04C2CDF8CBD8731CC1BB2C7C2453793A5A830DCDFD2FF13570519C5C45A4556F3CBC227E8D3374157964A5FD825C79E1350418849D0BD785697A8D95197ACB18C79825E04D844E8E3B2DDB77A3CC72ED92D7B6DCF55DADA545AF7D6137657D19003F3463BBACAA67B9A8D1CA2EAD66CBEA8778ED4766AC9655F5AC16355A59A5D56C592560669CD29A7A46F30AAD7C16B56CD93471D504420D1E5B63CDD61E0CE9BFDD7830FF443073656BF2E06EAB8D998B747307D1BC6C3D2F70AF138C8957C6AF7309F6C0316E5C3B7EC7A68EDFC9D1E3D3C9BB6FBF03DEC9777F8427DF4EEF04EA0C3023C6155E96E08F3082095E3BBC4F00219844F508F48EB1865995F3D12234A6A1F41308B2A1497552FEDC7C0DAFFC39ECEE2B7FA95CB61360B2C05FB5C0E16F2FBE3785A74A096169EC82AA925561784D25A8BBAFA8844B595107D5E992C4D43A3DCD5C32D638C6CBB0DDD1669BFE8A76B5F301BC9C5E714A51DBB2DF16A4BD0DBD23296DA5B6EC5C0EBEF9DBD9256FDB0436E880B5A91FDECCEF8789DF97DDD889774E888AA9034F76781F68B55AB3E55229C05454B1092A2FD23476FD9C2BF5A900BB8DC3F7F62AF21CF33D9DFAA44A3A76B8C58AE9936F983F3CE292588D0855B39C215499429EC21F240A58816142E408C84E738AA7871F2159DBFDC8F5372030EEB580603863C86055B4C4924BB88111197263899830A176B70823153D6152B749EC6CC168969DC2D10D38531D1077E38C15ED703EB7D135613B8FA1A3D8876954B81EB2A13B7EA63C8BDB7F63C946D83FD4C88686E963C9A6D863346559D8701C4B32FC8EA5463085B730965C04C7C99473DDC6E628865CE7B2D5C4F890661283AE96C0168CBA5A3AC6865D8AA6A632EC9A6843AB146D9721DA97F6469D6B8B6CA655B6E6CE1A69997260CDB5AC591E261CB0D1EB56544CE13EEB86BFC99796CDB2CA24B798FE064F7C04BB5FB8F3587E084B0F26B2EDBF7C2485F01529E2504C9C86A2290D65C44E11F015448A93DF3A8E90E6A2241A1E8586373280B88EB4E048FE960A54E19459C09627AB8DB0D49FB180A5C7A08DA885521888B296BB84C717B760B531A56488D14A464D1A6E00300DDAEF0B88A6C42AD4ACFA57699C649AAC224A068FED90B8CDC14BA483B44A556E97942A42B289917A49488883182CD5BC1C5C4AE5CC6C97922A56B289967A4949888834522A3B33B894E89C6E17922268B2089B7A89880F8D3412A21D195C40E26E72BBA49A9CD82E81542FD9695C580153BB0474909FEEE440213813B7DFCAF137B2C056BEFE7882526DE8CA326AF35B4D3D57A61FCA9962EAA00E34FBCA5DE6CA2DADCACE16C56B39FA813CCC513EAB3BBB059B8D1FAD996776F48BB32ADED82DBF59D93F3E0B0B8C85CBC95974A22B4A284EC01A0AA59834E634BFC77D09107804E44060E9855235A513AEF1C14A92929F2D0F63E99E954DC8DF45B38687498A308EB6BFC65D0C493498DF6D92A798A2A943DE3C8200248AB3D7651C6461A40F4CF5ADE9832216807E32C7E09E0BB1485C81391EFB24888563BF5B7097BFFAE1D8CABF2811E88BB5C6373FDA61AFAA299075DC15AF1A59EE4A9487A5C226368395AF17957065A10D60F54E51895895DA40D64F12959875B11568FD40518D5A972B877D218CBBB1729567372C55DD790EA1234C7F69D746323482F1174D979161D32D7176364DD827E860DADA10B4164E10B05AB8BAD6CCDB1F1684F96C8E55BFEEE1D40CD823D1E73B2C0CFD6489C1BC0091C098320BEBCB3DD2E1EC2F57628E28BCC4612185220B2ED9F7361C936C41273C8D44D5352C565AE9850DB7E84AA5165A29BFB511ACA058DC015BC1B358668EAA788EC3022B8ACDB1896DB993E668FD7567CCB262C7A6A78D96B75DEDADB401C63876DA6E29D5FA53F52D7C1688F96C8945EFD94B60F4FB4E6A9376F3ADB33615BBEDFDB4498331AE3E08F7DD79F3C51559AC15ECAD766E89600B765233743B8E9D15233F9FE8A7176A089DF0CB4BE6ACDC7577DB8752AE2DFAEDBAFD00DB316BC23218AFE6E6E36C4D94D727A431B242614FC9791F437F7ABEB5111F747AF69C9A76D3B2DFDA2FFB6BDBF2D5F8DD556183507366681337578DACFD2EB2972CEA76E349A32C3BA3911341D5D7A918663AF3A9BDEBD259C31AF9C2519BE7E7D7576E527263BDBA576ED77B7107BEB71A95E790566A5436B276B80C86873F8ADD5D35E28F790DF9B459F9F7529DE8B1919536D136B65E9AC1187147D6BBAB4ADC71B8219B769EE8AF441B5527B0C6DE4AD960003DD41FDB765E6E18C00134507F1EFC3FAB7E2D226CD73DE9845BAC527987D549B770A27D464F97DBB3C94AC7CD4595995306F9E7B3D55B8A60382715E6AB9F8365E043B2555956B80591FF0453543CF09B1D1F1E1D0B0969772739EC224D3DEEB57043924E7ED02678539C45FECF19F473ED79F2C95E4D9FAC99D10B48DC6790FC2E04AFBF67A13A66C6EC852767BFECC71E93E1D2C37FA33E192E1FD88CBBBDD892CEA087C41472E90E032A26CE4D2008BA0B52CA9FDB09AE34CC7C3F1517CC6F220FBE9ECFFE91B73B756EFEF650343D703E26D82E9D3A87CE3FE577BEC3243F683CE49DE219732D17AB0ECA9052CEC87E9A050604E3723FF6479292083EFA6890DC8EBD5853E66FEC676CE51C8D43E10D22425D0EC62E58DAFC8BAA65C1D0342AF23176614D9B8BD18FECC1EA735DEB01ED91EA6D72AB968BA6350FDA200B4AA7A920253FEB8FC62538EB05A70A7B3B2CA2328CE9823A68A6B50EBAA70EE96C93940DB6B22A7390F5B3C4729EB1FF6B8C72B3644793850DA65B23A9EC0E2A846AB910F6573A7028604CA0AFFAA3E5BDD85B284FA4BB4665973DA232956F256634933B68A2A7150CCFDD3031A2FE8479AF02C481DDCE3192410D9631A47AA2B5B50C4F93A4FED05F90315DF89C7D48DB3460CA1DC54BFF1EC999F648574CEEDACA44CD8E32B7A04076B9AD4652209AD3A14706AB3D5520DDF5DA3D5220AB046023E94F912CA37BBE973DD51ECD45BF3D529EA6C7EAE37B37FC23F4ADA63D9B42755AAE026B3C9D7DCB63D63B63D956B5C266787A6622B356877DCD3B3674AAB16DAE382D77BC7763B931B83235B8B6081784CA030529778438B8F4AE9978D7A529E15A7121E87CE63DC658058A70BF21479544435CB06452620D2545BE523B5D454C265156D451D136C839D5449D3AF48DD4699D36EA9A5C4E4DD48BD9D948BCA8D2465B9DA74524CDAF1A1259BE58455258FF4CBBDAD2CDF62EAABBB72329E8F8F444CDA90C356E020B3060CAA6C9F2CB751681D61068DEA30C2F94F1D2C90D2214CE3E695E570C2F94B1B2C70D2212D69AA8AF660F2F10D1F08D972DAEB38854C67D6F13C11999C4AD747FE4F46E4AC55629F524D3C3229D9B7CA91D7BD05944AE7915BF2E61EAAF6B08725D3F822EE73B57756EA2A7B8F4E5058ECA2AC241D82D44C0C38EF54582FC27E0225C4C6E78E5FFAF4B7E8B87DC337C84DE4DF431439B0CE12EC3F031E0348284024DF4F39C753CCF671FF37BD8E9105DC06CFAE466DCC7E87DE6075EC5F7B5E298530341620C7A398B8C252297B4D66F15D25D1C190251F155A1D13D0C3701064B3F462BF002BBF086D5EF035C03F7ADBE75A303691F085EEC67973E5827204C2946DD1EFFC43AEC85AFDFFF171F3442094F880000, N'6.1.3-40302')
GO
INSERT [dbo].[__MigrationHistory] ([MigrationId], [ContextKey], [Model], [ProductVersion]) VALUES (N'201608061939389_add picture url', N'BeeBack.Web.Migrations.Configuration', 0x1F8B0800000000000400ED5DD96EE4B8157D0F907F10EA29093C555E32838E61CFC05DB62746DAEE46977B12E4C5A025BA2CB4961A89F2D808F26579C827E517424A94C45522B5555526E81797481E5E5E1E5E5E6EB7FFF3AF7F9FFDF01A06CE0B4C523F8ECE6747F3C399032337F6FC687D3ECBD0D337EF663F7CFFDBDF9C5D79E1ABF35399EF84E4C325A3F47CF68CD0E674B148DD671882741EFA6E12A7F1139ABB71B8005EBC383E3CFCD3E2E8680131C40C6339CED9E72C427E08F31FF8E7328E5CB84119086E630F0629FD8E535639AA730742986E800BCF67EF217C0FDCAFF3BFC2C779917BE65C043EC092AC60F034734014C508202CE7E99714AE501247EBD5067F00C1FDDB06E27C4F20482195FFB4CE6EDA94C363D294455DB08472B314C5A125E0D109D5CD422CDE49C3B34A77B95EC34D005F49B373159ECF3EC42EC5166B3B5D0609C9A8D2F0BC2C76E0308907151F306DC8BF03679905284BE07904339480E0C0F9943D06BEFB17F8761F7F85D1799405012B2196F153126F6082DEA8804B1FBDCD9C4210DC77988633E716BC7E80D11A3D9FCFF09F33E7DA7F855EF98576E697C8C7ACC5855092E19F8BC64A30308468F46AFEEE6F9638F3E8F57CC07D8332A6225C4D807FDD616D83C70056A82D3078A0D8E39C2D1896B1DFAFF010476F0CF72E5CE4BFE4DD6BC5BDB2D808DCC369DC0746279FE11315FBE65252DC422C28AA9294291AF463E67BD63D71EFA3607CDA5CC2D44DFC4D610E46AEEB93EF92CEF99204E3370BA04A77E4EF7B3CD174180BA59DA4D2E2A9655E7FB444C3F35072E335B4FCE8F89D51CBDBEABD032FFE3A975121C1CCF90C833C317DF637B44D179B0D1E24F95792E7818E361FE269F53A89C3CF31A94D9FEBE11E24EBDC96C6AD59577196B89642B3F2A8C4A7C6E141CCCBC8AECE52495309AEC9573690377AB5756BB679BC366C4D1F5F7A6B16D0EB6001A7A0BB50E7B59FA42802E11433EE44154D6837AF42E04F540BF6F79FFC24841547DEC77808027BC3FA09A4E92F71E2FD19A4CFE37B8DD0CD123CBC5708849BF17BFE398EE05D163E12AB315D5D8375CDFD2FF13570519C5C45A4546F3C3CF97E8D337415796452FF825C798E370418449C0BD785697A8DC90CBD658C97B325E04D844E8E3B790877A31814EDECDA36B3F6750CA4F9B5DD8730157D19003F3413BBCCAA17B9C8D12A2ECD662BEA8778ED4766A29659F5A216395A45A5D96C4525606692D29C7A41F30CAD7216B96CC534F10A858A1A9CC3C69CAD2D18D255BCF160FE8960E6646B72166FAB3DA08B747307D1BC2C3D2F70AF138C8967C6AF7309F6C0312E5CFB98C7A63EE6C9D1E3D3C9BB6FBF03DEC9777F8427DF4EEF6FEA0C30A3C6159E96E08F3082099E3BBC4F00219844750FF45ECE0D332BE7BD45EA98A6A69F40900D5D5527F2E7E66B78F2E7B0BB4FFE925CB60360B23D06D50487BFBDF8DE149E2AAD086B6317A84A6685E1994A50779FA8444A99A88372BAAC626A4E4F33968C19C77819B69BE76CD15FD1067ADE8197D313A754B5ADF86D8BB4B7A1373FA55DDB964DD2C1F7993BBBE46DFBCD060DB036F5C39BF9FD30F1FBB2F13BF1CE09A1987AE1C976EF03CD56335B4E9516988A2C368BCA8B348D5D3F974A7D00C16EE3F0ADBD8A3CC77C4FA73E14934E386E31317DF20DCB877B5C52AB5145D528672AAA4C215FC31FA41A30816142F408C84E738A87871F2199ED7EE4FA1B1018B75A40301C31A4B3AABAC4944BB88111E972638D9808A176B78820557DC2A06ED3D8D98261961DE1E8069C2907C4DD3863A21DCEE7365C13B6F3987A14FB308D84EBA11BBAE3672AB3B8FD37966E84FD438D6EE8327D2CDD147B8CA6220B1B8E636986DFB1D428A6F016C6D28BE038994AAEDBD81CC590EB5CB6BA327E49338941576B600B465DAD1D63C32EADA6A632EC9AD58696146DF72EDAA7F646CEB5AD6CA6255B73638D58A6EC58739635EBC3440276F5BA158A29DC675DF737F9D2B2595699E416D3DFE0898F60F70B771EEB0F61EDC144B6FD978F2411BE22C53A14574E97A2295DCA888D22E02B881427BFF53A421A8B926A7814BABC9101C479A40547F2B754A00AA7CC02B63C596D84A5FE8C052C3D066D442D4861A0CA5AEF121E9FDC82D52694522086950C4D1A6E003005DAEF0B88A6C46AA959B5AF629C649AAC56940C1EDB20719B83D748076D95546ED7946A8564B346EAA521611DC460A9C6E5E05A2A4766BB96546B259BD5522F2D092B228D96CAC60CAE253AA6DB95A45834592C9B7AA9885F1A6934441B32B882C4DDE4764D3539B15D1652BD74A77161054CED14D0417FBA930385E24CDC7E2BC7DFC8025BF9FAE3294AB5A12BEBA8CD6F35F55C997628478AA9833AD0E82B77992BB7B44A3B5B140FF3E807F20648F982EFEC166C367EB4665EF4D12FCEAA78CEB7FC6665FFCE2D2C30162EA767D189AE6A427102D65048C5556349F32BE397008147400E04965E2865533AE11A1FACAC52F2B3E56E2CDDB3B208F9BB28D6F0064AB18CA3E5AF711343B21ACCEF36C9434C51D421CF2B410012C5D9EB320EB230D22F4CF5A5E9DB2516807E32C7E05E26B1485C82391E7B8B9E8563BF5B48973F30E2C4CABF2811E8E3B8C6E745DA6EAFB2299075D2150F2859E94A9487A5C2263683950F25957065A20D60F524528958A5DA40D6AF1F959875B21568FD16528D5AA72BBB7D21F4BB31B9CAB31BB656DD790EA94718FED2AE8D646804E32F9A2E23C3A69BE2EC6C9AB04FD0C1B4B521682D9CA060B57275A59967462C08F3D91CAB7E48C4D10CD8230D6BE3E8632016887EB2C460DE9348604C9A453BB9273F5C4BB9147344E15D0F0B29245948C9BEDEE18464133AE16934AACE61316F4BEF75B8295C4AB5E0B8FC7247B0A96272076C85CC629A39AAE2710F0BAC4836C72696EA4E1AF1F5D79D31F28AFD9F9E165FDEC4B5B7F90618E3587DBB8959EB9DD577FA5920E6B32516BDB52F81D1EF3BC926ED565E6736157BF7FDD8A4C118970FC2ED79DE7C71491673057B479E9B22D8849D64866EFFB23331F2D38E7EBC5043E8945F5E5967F5AEBB293F14B9B6B80AD0ED2ED8F6591396417F35171F67A3A3BC8C21F591150A7BE6CEFB18FAB3F8ADF5F8A0C3B3E7D0B41B96FDE67ED95FDB96AFC6EFD50ADB8D9A13489B557855C8DAEF223BD322B71BCF2D65DD19F59C08AABE9CC508D3594EEDCD99CE0C6B940BAFDA3C3FBF0C739392FBEFD52D75BBD68BFBF9BD69549E6A5AD1A82C64ED7019740F7FB0BBBB34E20F8D0DE5B499F9F7924EF410CA8A4DB48CAD9766D047DC01F8EE52893B5C3714D3CE13FD95B051759E6BECAD940506E0A1FE10B8F374C3000EC040FDE9F2FF2CFD5A54D8CE3DE9BC5CCC527987D5B9B9703E7E46CFAADBC3E04A87D7459699532EF2CF67ABB714C1704E32CC573F07CBC08764ABB2CC700B22FF09A6A8782E383B3E3C3A1622E9EE4E54DB459A7ADCDBE386E8A27CA74DF042398BFC9F33E8E7EC79F2C95E4D9F709FD10B48DC6790FC2E04AFBF67A13A86F4EC8527879FEB271E139AD3C37FA33EA1391FD850C1BDC4924EB487C41482000F032A46FC4D2008BA2B520AFCDB09AE34CC7C3B15D7D56F220FBE9ECFFE91973B756EFEF650143D703E26D82E9D3A87CE3FE557C3C38452683C329EE25174AD17AB06CA9052B0CB7ECC0203820D6C35B8C094FD91A408878F3E1A24F0642FD194C125FBF5821C407228BC4154A80B10D9054B1B1C5235CB185A5A45B0C82EA2690345FA913D587D4C6CDDA13DE2D04D6E2473D5B406691B647EEA3414A4C86CFDD1B8E86BBDE054ABE80E73B20C633A3F0F1A06AE03F7D42B44DB086A834DD4CA0069FD2CB11C04EDFF8C51EEBDEC6824B3C1B8351265779010AAE942D8AEE920A18031015FF527D57BB155511E70775DE45DF658E4A97C2B31DC9ADC40139E5630BC74C32C39F507D67BB5DE1CD8ED1C2352D560E14CAAF7635B0B3F35495C12FD7D1BD389CFD987985203C603528421E811396A8FB862727557AED4EC64740B04B20BBC35128168C0891EE1B5F69440BADBBA7B4420ABE86423F1A788E4D13D18CD9EB247736F708FC8D3F4927E7CEF867F21BFD5986C5350A7E566B1C6D3D9B7206BBDC3A96D951536DDD3334C9A351DF63528DAD071D0B639E3B45C19DF8DE9C6E006D6E06C11EE1B95070A52600BB173E9D535F1EA4C5334B8E27ED1F9CC7B8C31058AE57E43002DA90E71C292AB1273286BE433B5D7AB589349352BF2A8EA360888D5543B75E81B6BA779DA6AD7049A6AAABD189D8D951759DAEA56079111ABE6670DA95A3E5955A530FF9936B5A599ED4D54376F47E2E3F1B1939AE32C6ADC041660C078529305BFEBAC02AD21D03C6F195E29E3C5BA1B44299C7DD23CD6185E296385B61B4425AC3551DFF41E5E21A2E11B2F945D6715A98CFBDE46A93332895B69FEC8B1E794C456917A92E161116B4EBE238F3DE82C22D7BC8A5F9730F5D73504B9FD1F4197F39DAB3C37D1535CFAF282446516E120EC1622E061C7FA2241FE1370114E2637BCF2FF7426BFC543EE193E42EF26FA98A14D86709361F818708C204B81A6FAF3807ABCCC671FF36BDDE9104DC062FAE466DCC7E87DE6075E25F7B5E298530341D618F47216E94B442E69ADDF2AA4BB383204A2EAAB9646F730DC04182CFD18ADC00BEC221BA6DF07B806EE5B7DEB4607D2DE11BCDACF2E7DB04E4098528CBA3CFE8939EC85AFDFFF1752C4C22A57890000, N'6.1.3-40302')
GO
INSERT [dbo].[__MigrationHistory] ([MigrationId], [ContextKey], [Model], [ProductVersion]) VALUES (N'201608070755415_ActivityDriverAndShortcode', N'BeeBack.Web.Migrations.Configuration', 0x1F8B0800000000000400ED5DDB6EE4B8117D0F907F10FA2909BCDDBE64171BC3DE85A76D6F8C8C3D8369CF26C88B414B745B185D7A25CA6B23C897E5219F945F08295112AF12A95B77EF2EE6C52D92A78AC562B18A979AFFFDE7BF67DFBF8681F30293D48FA3F3D9D1FC70E6C0C88D3D3F5A9FCF32F4F4D5B7B3EFBFFBFDEFCEAEBCF0D5F9B1AC7742EAE196517A3E7B466873BA58A4EE330C413A0F7D3789D3F809CDDD385C002F5E1C1F1EFE657174B480186286B11CE7EC5316213F84F90FFC7319472EDCA00C04B7B10783947EC725AB1CD5B903214C37C085E7B37710BE03EE97F9DFE1E3BCA83D732E021F604E5630789A39208A620410E6F3F4730A572889A3F56A833F80E0FE6D0371BD2710A490F27F5A5737EDCAE131E9CAA26E5842B9598AE2D012F0E884CA662136EF24E15925BB5CAEE12680AFA4DBB908CF67EF6397628BD44E9741422AAA243C2F9B1D384CE141A50F586DC8BF03679905284BE07904339480E0C0F9983D06BEFB37F8761F7F81D179940501CB21E6F163126F6082DE28834B1FBDCD9C82113C76580D67CE2D787D0FA3357A3E9FE13F67CEB5FF0ABDF20B1DCCCF918FB516374249867F2E1A89606008D1E864FEE96F96B8F2E874DEE3B1411943089309F0AF3B2C6DF018C00AB505064F147B9CB305A365ECF72B3CC5D11BA37B172EF25FF2E1B5D2BDB2D908BA87CBB80F8C4C3EC127CAF6CDA524B885D8501425695374E887CCF7AC47E2DE47C1F86A73095337F13785391899D647DF2583F33909C6EF164095ECC8DFF778A1E930174A3B49B9C54BCBBCFE688986D7A1E4C66BE8F9D1F1B7463DB7A47B99F82F03516E31A8CF718206B2756D7DBC032FFE3A1F07656F67CE2718E4C5E9B3BFA12357DA9087B2CE7512879FE280B14AB4E8611567894BFA11ABCBEF41B2266B87295764ECD53C6D36D83CE55F499D074AC88729C79EB656C549C5A9BE6AD9291BA6597E9A442AD6558896AFA217B1504F25EAB345BDAE34AF36BC346C171DBEF5D6D61EAFC3DAB3054373ED27298A403885AF3311A10957ACAB10F81351C191D6939F84B0D29177319E82C07E49FB08D2F4E738F1FE0AD2E7F1FD75E866099EDE2B04C2CDF823FF1C47F02E0B1F89D5988ED6604373FF737C0D5C1427571169D51B0FBB3D5FE20C5D451E71A73E2357F6AE0C010661E7C275619A5E636586DE32CEA22A8EBB89D0C97127DFEC6E1483A25D5DDB56D6BE8E81B4BEB6FB10A6AC2F03E087666C9755F52C17355AD9A5D56C597D1FAFFDC88CD5B2AA9ED5A2462BABB49A2DAB04CC8C535A53CF685EA195CFA2561757D652771B9CC3C69AAD3D18D255BCF160FE8960E6CAD6E42CDE56BB6F17E9E60EA279D97A5EE05E271813AF8C5FE612EC8163DCB8F6318F4D7DCC93A3C7A7936FBFFE067827DFFC199E7C3DBDBFA933C08C18577859823FC0082678EDF03E02846012D523D03B901E6655CE478BD09886D28F20C88626D549F973F335BCF2E7B0BBAFFCA572D94E806DEDEEE462C5DF5E7C6F0A4F9512C2D2D8055525ABC2F09A4A50775F510997B2A20EAAD32589A9757A9AB964AC718C97617B6CC136FD151D5DE4037839BDE294A2B665BF2D487B1B7AF353DAB56DD9241D7C9FB9B34BDEB6DF6CD0016B533FBC99DF0F13BF2F1BBF13EF9C101553079EECF03ED06AB566CBA55280A9A86213545EA469ECFA3957EA0308761B87EFED55E439E67B3AF571A474C2718B15D327DF307F78C425B11A11AA663943A832853C853F4914B002C384C811909DE6144F0F3F42B2B6FB91EB6F4060DC6B01C170C690C1AA6889259770032332E4C612316142ED6E11462A7AC2A46E93D8D982D12C3B85A31B70A63A20EEC6192BDAE17C6EA36BC2761E4347B10FD3A8703D644377FC4C7916B7FFC6928DB07FA8910D0DD3C7924DB1C768CAB2B0E1389664F81D4B8D600A6F612CB9088E9329E7BA8DCD510CB9CE65AB89F121CD24065D2D812D1875B5748C0DBB144D4D65D885DB2B5A65D05D65E9B294EB61551E4287B9DE4DB5D4BC4CA14B6AE19A50AEAF616D577D4C0D58DBB59D76756A34596D81F1B4B6AAB9B3468AA5B40BF68AD5DD3AB19B1F5B513145F4A51BFEA6504C5ED5552B7A8BE7D010C88DE03614D120961FC2D28389EC3A5C3E9242F88A14DB189838DDC94869242C768A80AF20525C1CA8C350692E4AA2E15168742C038846BC054772D755A00A9FDE02B63C986F84A5EEB0052C3D456F442D94C24094B5DC253CBEB805AB8D2925438C56326AD270818469D07EDD443425563B1555FF2A8D934C93D5860483C77648DC25E325D2415AA52AB74B4A1560DB84D8BD242484D10C966A5E0E2EA57266B64B49156ADB04DBBDA42404D41A29959D195C4A744EB70B4911735B44DDBD44C447D61A09D18E0C2E20F130A25D524D4E6C9738BC97EC342EAC80A95D023AC84F7CC8A0105853B468142F1A595AA310B14DB87D2460A03A26818F55E8D3433293AB8AEA444496519BE76EEABB33FD50DA0A53177D20FB531ED3548E795576B628DE14D30FE4F9A2F2F1F1D92DD86CFC68CD3C46A65F9C55F11279F9D5CAFE896E58602C5C4ECE62185151427102D65028C5A431A7F99B8B4B80C02320276A4B2F94AA29C3108D175A9294220D79184B07B56C42FE2E9A353CDF5404B2B4FD35EE6248E2E1FC72A03CC5144D1DF2321C0420515C5E58C6411646FAD05CDF9A3EBB6401E827730CEE51258BC41598E3B1CF505838F6BB0577F9DB488EADFC8B1281BEEB6D7C19A91DF6AA9A0259C75DF1F69BE5AE4479582A6C623358F9C65B095716DA0056AFB9958855A90D64FD705B8959175B81D6CFB8D5A875B972D817C2B81B2B5779F8C952D51D88EA51EACD524E4DB55BA80D1A503F4A65A198CF32D6D942304AD26E9A64FE84254934A846E656B7F0DA595A61FFA683C16D43D0DA5D61B8EC068A793DC882309FCDB1EAF7819CF2037BA4612D2F7DE3C702D14F9618CC3331098C29B3E827F7928FEB29576231F1F8E77ADCE4E38B2CB8641FE5714CB2059DF0341255D7B0F026A467789C6321955AE8B8FC204FB0F46271076C05CF629939AAE2CD1E0BAC2836C72696EA4E9AF1F5D79D31F28A7DB99E165FDE5CB7B7F90618E358FD61DC05E6A90E0BC47CB6C4A28F712430FA7D27B549BBC5DA599B8A33957EDAA4C118571F844731BCF9E28A2CD60AF6E90BB744B0053BA919BA7DE5CE8A919F42F5D30B35844EF8E54B1456EEBA07304329D716A300DD9E87ED983561198C5773F371B65FCA3B56D21859A1B07721781F437F47626B233EE8F4EC3935EDA665BFB55FF6D7B6E5ABF13BC8C226A8E664D8260AAF1A59FB5D64BF5CD4EDC6F364597646232782AAEFA931CC74E6537BA3A9B38635F285A336CFCF2F29DDA4E4594BF5F8C4AEF7E229436F352A4F9BADD4A86C64ED70190C0F7FE0BEBB6AC41FE61BF269B3F2EFA53AD1A3312B6DA26D6CBD348331E22E26ECAE2A71971E0CD9B4F3447F25DAA83A6536F656CA0603E8A1FE68BAF372C3000EA081FA33EF5FACFAB588B05DF7A4537CB14AE51DD22FD5EFEA149F9EA0B7E715978ED48B2A33A70CF2CF67ABB714C1704E2ACC573F05CBC08764ABB2AC700B22FF09A6A878053C3B3E3C3A165293EF4E9AF0459A7A5C4A818674CDFCA04D9078208BFC9F32E8E7DAF3E493BD9A3EF993A31790B8CF20F943085EFFC84275CC91DC0B4FCE2AD98F3D26D7B187FF467D721D3FB0B9D77BB1259DB30F892964551F06544CA19E40107417A49449BD135C6998F97E2A9E11DC441E7C3D9FFD2B6F77EADCFCE3A1687AE07C48B05D3A750E9D7FCBC9007AE692B6E2A76C6CCA51A79CD35A4DE89301A6F1487C8A5C0EB59C7B0EA094A3B7DFCC0103820D6C15B97CBAFD91A4C4AC8F3E1A245F6E2FD6943971FB8D829CF77628BC4144A8CB6BDB054B9BD356B58A1AAE248A1CB75D58D3E6B7F5237BB0FA18DC7A407BA4CF9CDC48E6A269CD2D39C8FADB692A480925FBA37149237BC1A976093AACF1324CF7D5BE47F6CA0EBAA78E806D133F0EB6502BF33AF6B3C472EEC6DF3446B9B7B4A3091807D3AD915476071542B55C08DB511D38143026D057FD49FC5E6CC59407F85D83D8CB418358394BA4DC41133DAD6078EE860939F507F27B156F0EEC768E91606FB02C4CD5ABBDAD65CD9B3205CE2F3D15DE8069CC14E92F7A24BCDB235D31B99A2C13353BF9DD8202D9E50B1C498168A2931E5901F7548174B791F74881AC922A8EA43F450699EE4990F6547B34F722F748799AF2178CEFDDF07909B69A4A720AD569B939ADF174763E37E46816E637E757A6B5A7191F7BE776DCAAA9B019A09E391BAD6DC4BE66681C3A29E336DD90967712BBE183185C3B1C5C5B844B76E529939463461C5C7A5F53BC2FD6949AB2B854773EF31E63AC02C51E5043363F8986B852C9A4C41A4A8A7CA576BA8A405DA2ACA8A3A26D909DAF893A8DF21AA9D33A6DD43559EF9AA817B3B3917851A58DB63A9F93489A5F3524B27CB18AA4B0FE9976B5A59BED5D54776F479275F269CC9A93BE6ADC041660C0E4769365E2EC2C02AD21D0BCE91A5E28E325DE1C44289C7DD2BC501A5E2863E5D91C4424AC35513F6F185E20A2E11B2FAF666711A98CFBEEA7CCDC17533A45964C23E6B732E623E7BE54CE66D54C9EC42658E4BA945FC3E0B0218BC885C7E2D7254CFD750D41DEF944D0E50286AACE4DF41497018CC05159453812BE850878389AB84890FF045C848BC95DC7FC7F8DCBEFB3911BB78FD0BB893E64689321DC65183E069C4690F8A7897E9ED093E7F9EC43FE80231DA20B984D9FDC11FD10BDCBFCC0ABF8BE561CF86B20486045AF2992B144E4BAE2FAAD42BA8B2343202ABE2A1EBC87E126C060E98768055E6017DEB0FABD876BE0BED5F7CF7420ED03C18BFDECD207EB048429C5A8DBE39F5887BDF0F5BBFF034B949EC692920000, N'6.1.3-40302')
GO
INSERT [dbo].[Activities] ([ID], [Title], [Description], [PictureUrl], [Date], [Location_City], [Location_Street], [Location_ZipCode], [Location_Latitude], [Location_Longitude], [UserId], [DriverId], [ShortCode]) VALUES (N'd52b24c8-7074-47d1-892c-43a6cd85c9eb', N'Salsa jeudi soir', N'Imagix, 18h30', N'http://www.lagazettedemontpellier.fr/sites/default/files/cours_de_salsa-200.jpg', CAST(0x0000A65B00B0DD27 AS DateTime), NULL, NULL, NULL, 50.47014, 3.936245, N'16455262-2bc0-4427-950f-d6a9a067d5d3', N'827a1f73-eea3-4036-a322-dec0fa34dee1', N'SALSA')
GO
INSERT [dbo].[Activities] ([ID], [Title], [Description], [PictureUrl], [Date], [Location_City], [Location_Street], [Location_ZipCode], [Location_Latitude], [Location_Longitude], [UserId], [DriverId], [ShortCode]) VALUES (N'4dc82e42-82de-4278-b6e5-43ccb8d0fcef', N'Manger une mitraillette double fricadelles chez Momo', N'Tous les jeudis c''est la promo de la mitraillette double fricadelles au prix de la mitraillette fricadelle.', N'http://images2.wikia.nocookie.net/__cb20120829133543/porcpedia/fr/images/c/c1/Mitraillette.jpg', CAST(0x0000A65B0095E619 AS DateTime), NULL, NULL, NULL, 50.4506149, 3.954271, N'6925054d-393c-40da-ae15-0a71bf4f50fb', N'827a1f73-eea3-4036-a322-dec0fa34dee1', N'FRICADELLE')
GO
INSERT [dbo].[Activities] ([ID], [Title], [Description], [PictureUrl], [Date], [Location_City], [Location_Street], [Location_ZipCode], [Location_Latitude], [Location_Longitude], [UserId], [DriverId], [ShortCode]) VALUES (N'c14f341b-3d97-4bc4-b657-79cd12861fc0', N'Tennis de table', N'Lorem ipsum dolor sit amet, consectetur adipiscing elit, sed do eiusmod tempor incididunt ut labore et dolore magna aliqua. Ut enim ad minim veniam, quis nostrud exercitation ullamco laboris nisi ut aliquip ex ea commodo consequat. Duis aute irure dolor in reprehenderit in voluptate velit esse cillum dolore eu fugiat nulla pariatur. Excepteur sint occaecat cupidatat non proident, sunt in culpa qui officia deserunt mollit anim id est laborum', N'http://www.funinthecatskills.com/wp-content/uploads/2013/10/pingpong.jpg', CAST(0x0000A65B0083759B AS DateTime), NULL, NULL, NULL, 50.4362679, 3.921741, N'6925054d-393c-40da-ae15-0a71bf4f50fb', N'6925054d-393c-40da-ae15-0a71bf4f50fb', N'TENNIS')
GO
INSERT [dbo].[Activities] ([ID], [Title], [Description], [PictureUrl], [Date], [Location_City], [Location_Street], [Location_ZipCode], [Location_Latitude], [Location_Longitude], [UserId], [DriverId], [ShortCode]) VALUES (N'e540eed9-5408-411c-96ec-cfdbffbb581e', N'Cours de Judo', N'Lorem ipsum dolor sit amet, consectetur adipiscing elit, sed do eiusmod tempor incididunt ut labore et dolore magna aliqua. Ut enim ad minim veniam, quis nostrud exercitation ullamco laboris nisi ut aliquip ex ea commodo consequat. Duis aute irure dolor in reprehenderit in voluptate velit esse cillum dolore eu fugiat nulla pariatur. Excepteur sint occaecat cupidatat non proident, sunt in culpa qui officia deserunt mollit anim id est laborum', N'https://www.metzjudo.com/wp-content/uploads/images/galery/judo_enfants/metzjudoenfants011.jpg', CAST(0x0000A65A00CA0D9A AS DateTime), NULL, NULL, NULL, 50.4641266, 4.015778, N'6925054d-393c-40da-ae15-0a71bf4f50fb', NULL, N'JUDO')
GO
INSERT [dbo].[ApplicationUsers] ([Id], [Firstname], [Lastname], [Email], [EmailConfirmed], [PasswordHash], [SecurityStamp], [PhoneNumber], [PhoneNumberConfirmed], [TwoFactorEnabled], [LockoutEndDateUtc], [LockoutEnabled], [AccessFailedCount], [UserName], [PictureUrl]) VALUES (N'16455262-2bc0-4427-950f-d6a9a067d5d3', N'Stéphane', N'Vidouse', N's.v@cassio.be', 0, N'ALge2KKUMIQ1hwHc4ty0RuCiPMNvpkftHvktysLK9kRhZ355NXUp19oH7gkiyG6prA==', N'bbf1ba0d-31e9-4a10-ac9e-bb8d0948a4a1', N'+32476030529', 0, 0, NULL, 1, 0, N's.v@cassio.be', N'https://media.licdn.com/mpr/mpr/shrinknp_200_200/AAEAAQAAAAAAAAdcAAAAJDNiYzg2ZjRkLWY0NWMtNGIxMi1iMDVlLWY0NWJhZGZlYWQ3MQ.jpg')
GO
INSERT [dbo].[ApplicationUsers] ([Id], [Firstname], [Lastname], [Email], [EmailConfirmed], [PasswordHash], [SecurityStamp], [PhoneNumber], [PhoneNumberConfirmed], [TwoFactorEnabled], [LockoutEndDateUtc], [LockoutEnabled], [AccessFailedCount], [UserName], [PictureUrl]) VALUES (N'2594fce5-5951-4f19-88cf-42d515a7a44a', N'Kévin', N'Rapaille', N'kevin.rapaille@hotmail.com', 0, N'AISt3m5dPoXStGaRtvmGQfY1rDBb5w8zIRP690kz9hXCYCGKCYU5ro4/Sf8RVsL39g==', N'1860be3c-5c05-4471-ba89-6e029b12d60a', N'+32472738691', 0, 0, NULL, 1, 0, N'kevin.rapaille@hotmail.com', NULL)
GO
INSERT [dbo].[ApplicationUsers] ([Id], [Firstname], [Lastname], [Email], [EmailConfirmed], [PasswordHash], [SecurityStamp], [PhoneNumber], [PhoneNumberConfirmed], [TwoFactorEnabled], [LockoutEndDateUtc], [LockoutEnabled], [AccessFailedCount], [UserName], [PictureUrl]) VALUES (N'6925054d-393c-40da-ae15-0a71bf4f50fb', N'Renaud', N'Dumont', N'renaud@sparkle.tech', 0, N'AAuoGMtUhVqOSOv0CrZfIgGBIQ7ZhMorllMF7VCuQfjHB3l3ItzsO9PzswLuqH7Viw==', N'170346fa-9776-4e2c-a222-a322932d5bb5', N'+32495648895', 0, 0, NULL, 0, 0, N'renaud@sparkle.tech', N'http://www.renauddumont.be/content/images/2014/Apr/Renaud-sq.jpg')
GO
INSERT [dbo].[ApplicationUsers] ([Id], [Firstname], [Lastname], [Email], [EmailConfirmed], [PasswordHash], [SecurityStamp], [PhoneNumber], [PhoneNumberConfirmed], [TwoFactorEnabled], [LockoutEndDateUtc], [LockoutEnabled], [AccessFailedCount], [UserName], [PictureUrl]) VALUES (N'827a1f73-eea3-4036-a322-dec0fa34dee1', N'Matthieu', N'Vandenhende', N'mv@live.be', 0, N'AAMpoBconGPtEibDRP6AjiWJcn1qZGK71DaHW0zngLN/qwYOYUF4lXybbI/RLW+52w==', N'a3971d6d-9777-41e9-bfa5-eec99264ae23', N'+32498604708', 0, 0, NULL, 0, 0, N'mv@live.be', N'https://pbs.twimg.com/profile_images/464489216018087936/pCtvVSSS.png')
GO
INSERT [dbo].[UserActivities] ([ID], [UserID], [ActivityID]) VALUES (N'94afcde6-065e-419c-9807-10f2a7a0bb2f', N'6925054d-393c-40da-ae15-0a71bf4f50fb', N'c14f341b-3d97-4bc4-b657-79cd12861fc0')
GO
INSERT [dbo].[UserActivities] ([ID], [UserID], [ActivityID]) VALUES (N'd9ec0c8d-19cd-4824-a88b-27636fb2b98e', N'16455262-2bc0-4427-950f-d6a9a067d5d3', N'c14f341b-3d97-4bc4-b657-79cd12861fc0')
GO
INSERT [dbo].[UserActivities] ([ID], [UserID], [ActivityID]) VALUES (N'7db3df9b-dae2-45fe-bd14-4cee6df7ca9b', N'2594fce5-5951-4f19-88cf-42d515a7a44a', N'e540eed9-5408-411c-96ec-cfdbffbb581e')
GO
INSERT [dbo].[UserActivities] ([ID], [UserID], [ActivityID]) VALUES (N'7f0f2859-4430-451f-a59c-572ca6d39828', N'16455262-2bc0-4427-950f-d6a9a067d5d3', N'4dc82e42-82de-4278-b6e5-43ccb8d0fcef')
GO
INSERT [dbo].[UserActivities] ([ID], [UserID], [ActivityID]) VALUES (N'41f94e2f-b36e-4077-acd7-61a2105058d4', N'16455262-2bc0-4427-950f-d6a9a067d5d3', N'c14f341b-3d97-4bc4-b657-79cd12861fc0')
GO
INSERT [dbo].[UserActivities] ([ID], [UserID], [ActivityID]) VALUES (N'8ddf8bb5-7d2d-488d-b89b-693b8b28907a', N'16455262-2bc0-4427-950f-d6a9a067d5d3', N'd52b24c8-7074-47d1-892c-43a6cd85c9eb')
GO
INSERT [dbo].[UserActivities] ([ID], [UserID], [ActivityID]) VALUES (N'1bc6da4d-c004-40fa-83c3-6f451e7bc55a', N'827a1f73-eea3-4036-a322-dec0fa34dee1', N'4dc82e42-82de-4278-b6e5-43ccb8d0fcef')
GO
INSERT [dbo].[UserActivities] ([ID], [UserID], [ActivityID]) VALUES (N'51bd8d3b-e12c-40fa-a535-8f981f41be32', N'6925054d-393c-40da-ae15-0a71bf4f50fb', N'e540eed9-5408-411c-96ec-cfdbffbb581e')
GO
INSERT [dbo].[UserActivities] ([ID], [UserID], [ActivityID]) VALUES (N'b909bf4b-19ae-4140-9cb8-9f34f174019f', N'2594fce5-5951-4f19-88cf-42d515a7a44a', N'd52b24c8-7074-47d1-892c-43a6cd85c9eb')
GO
INSERT [dbo].[UserActivities] ([ID], [UserID], [ActivityID]) VALUES (N'ee44ea58-43f9-4c03-9956-b0bb1991cfb5', N'6925054d-393c-40da-ae15-0a71bf4f50fb', N'd52b24c8-7074-47d1-892c-43a6cd85c9eb')
GO
INSERT [dbo].[UserActivities] ([ID], [UserID], [ActivityID]) VALUES (N'f57ec67c-0a95-42b9-adf6-ba81f0b24535', N'16455262-2bc0-4427-950f-d6a9a067d5d3', N'd52b24c8-7074-47d1-892c-43a6cd85c9eb')
GO
INSERT [dbo].[UserActivities] ([ID], [UserID], [ActivityID]) VALUES (N'1c781a44-bbe2-4256-94df-cf4719cfde40', N'6925054d-393c-40da-ae15-0a71bf4f50fb', N'4dc82e42-82de-4278-b6e5-43ccb8d0fcef')
GO
INSERT [dbo].[UserActivities] ([ID], [UserID], [ActivityID]) VALUES (N'b48dd236-b1a3-4cbf-bb84-dd0d00fa5d43', N'827a1f73-eea3-4036-a322-dec0fa34dee1', N'd52b24c8-7074-47d1-892c-43a6cd85c9eb')
GO
ALTER TABLE [dbo].[Activities] ADD  DEFAULT ('') FOR [ShortCode]
GO
ALTER TABLE [dbo].[Activities]  WITH CHECK ADD  CONSTRAINT [FK_dbo.Activities_dbo.ApplicationUsers_DriverId] FOREIGN KEY([DriverId])
REFERENCES [dbo].[ApplicationUsers] ([Id])
GO
ALTER TABLE [dbo].[Activities] CHECK CONSTRAINT [FK_dbo.Activities_dbo.ApplicationUsers_DriverId]
GO
ALTER TABLE [dbo].[Activities]  WITH CHECK ADD  CONSTRAINT [FK_dbo.Activities_dbo.ApplicationUsers_UserId] FOREIGN KEY([UserId])
REFERENCES [dbo].[ApplicationUsers] ([Id])
GO
ALTER TABLE [dbo].[Activities] CHECK CONSTRAINT [FK_dbo.Activities_dbo.ApplicationUsers_UserId]
GO
ALTER TABLE [dbo].[IdentityUserClaims]  WITH CHECK ADD  CONSTRAINT [FK_dbo.IdentityUserClaims_dbo.ApplicationUsers_ApplicationUser_Id] FOREIGN KEY([ApplicationUser_Id])
REFERENCES [dbo].[ApplicationUsers] ([Id])
GO
ALTER TABLE [dbo].[IdentityUserClaims] CHECK CONSTRAINT [FK_dbo.IdentityUserClaims_dbo.ApplicationUsers_ApplicationUser_Id]
GO
ALTER TABLE [dbo].[IdentityUserLogins]  WITH CHECK ADD  CONSTRAINT [FK_dbo.IdentityUserLogins_dbo.ApplicationUsers_ApplicationUser_Id] FOREIGN KEY([ApplicationUser_Id])
REFERENCES [dbo].[ApplicationUsers] ([Id])
GO
ALTER TABLE [dbo].[IdentityUserLogins] CHECK CONSTRAINT [FK_dbo.IdentityUserLogins_dbo.ApplicationUsers_ApplicationUser_Id]
GO
ALTER TABLE [dbo].[IdentityUserRoles]  WITH CHECK ADD  CONSTRAINT [FK_dbo.IdentityUserRoles_dbo.ApplicationUsers_ApplicationUser_Id] FOREIGN KEY([ApplicationUser_Id])
REFERENCES [dbo].[ApplicationUsers] ([Id])
GO
ALTER TABLE [dbo].[IdentityUserRoles] CHECK CONSTRAINT [FK_dbo.IdentityUserRoles_dbo.ApplicationUsers_ApplicationUser_Id]
GO
ALTER TABLE [dbo].[IdentityUserRoles]  WITH CHECK ADD  CONSTRAINT [FK_dbo.IdentityUserRoles_dbo.IdentityRoles_IdentityRole_Id] FOREIGN KEY([IdentityRole_Id])
REFERENCES [dbo].[IdentityRoles] ([Id])
GO
ALTER TABLE [dbo].[IdentityUserRoles] CHECK CONSTRAINT [FK_dbo.IdentityUserRoles_dbo.IdentityRoles_IdentityRole_Id]
GO
ALTER TABLE [dbo].[UserActivities]  WITH CHECK ADD  CONSTRAINT [FK_dbo.UserActivities_dbo.Activities_ActivityID] FOREIGN KEY([ActivityID])
REFERENCES [dbo].[Activities] ([ID])
GO
ALTER TABLE [dbo].[UserActivities] CHECK CONSTRAINT [FK_dbo.UserActivities_dbo.Activities_ActivityID]
GO
ALTER TABLE [dbo].[UserActivities]  WITH CHECK ADD  CONSTRAINT [FK_dbo.UserActivities_dbo.ApplicationUsers_UserID] FOREIGN KEY([UserID])
REFERENCES [dbo].[ApplicationUsers] ([Id])
GO
ALTER TABLE [dbo].[UserActivities] CHECK CONSTRAINT [FK_dbo.UserActivities_dbo.ApplicationUsers_UserID]
GO
